date,value,memo,stress,sleep_hours,goal
2026-06-01,5,비 와서 실내 운동,5,6.5,체력 향상
2026-06-02,4,낮잠 자고 싶다,5,7.0,회복
2026-06-03,5,평범한 하루,5,6.5,체지방 감량
2026-06-04,5,산책 30분,5,7.5,근력 강화
2026-06-05,6,점심 많이 먹음,4,5.5,체력 향상
2026-06-06,7,,3,7.5,체력 향상
2026-06-07,7,비 와서 실내 운동,4,7.5,체력 향상
2026-06-08,5,,4,6.0,유연성
2026-06-09,3,낮잠 자고 싶다,4,5.5,회복
2026-06-10,5,,5,5.5,체력 향상
2026-06-11,5,비 와서 실내 운동,5,6.5,체지방 감량
2026-06-12,5,비 와서 실내 운동,5,7.0,근력 강화
2026-06-13,5,비 와서 실내 운동,6,7.0,체지방 감량
2026-06-14,7,비 와서 실내 운동,4,6.5,체지방 감량
2026-06-15,5,,4,6.5,체지방 감량
2026-06-16,6,평범한 하루,6,7.5,체지방 감량
2026-06-17,6,비 와서 실내 운동,4,7.5,근력 강화
2026-06-18,5,하체 운동함,4,6.0,체지방 감량
2026-06-19,3,카페인으로 버팀,5,5.5,회복
2026-06-20,10,상쾌하게 일어남,4,8.0,근력 강화
2026-06-21,8,스트레칭 효과 있음,1,7.5,체력 향상
2026-06-22,6,하체 운동함,6,7.0,유연성
2026-06-23,6,어깨가 뭉침,7,6.5,체지방 감량
2026-06-24,4,카페인으로 버팀,5,6.0,회복
2026-06-25,3,카페인으로 버팀,6,7.0,회복
2026-06-26,5,과제 마감 압박,7,7.0,근력 강화
2026-06-27,7,,3,8.0,체지방 감량
2026-06-28,7,,5,6.5,유연성
2026-06-29,6,,4,6.0,유연성
2026-06-30,6,,5,7.0,유연성
2026-07-01,7,평범한 하루,6,7.5,체력 향상
2026-07-02,5,하체 운동함,3,7.0,체지방 감량
2026-07-03,7,평범한 하루,4,7.0,체력 향상
2026-07-04,7,점심 많이 먹음,3,8.0,체력 향상
2026-07-05,6,하체 운동함,4,6.5,근력 강화
2026-07-06,7,비 와서 실내 운동,3,7.0,체지방 감량
2026-07-07,7,평범한 하루,4,6.5,체지방 감량
2026-07-08,6,비 와서 실내 운동,5,6.0,근력 강화
2026-07-09,6,평범한 하루,4,7.5,체력 향상
2026-07-10,6,산책 30분,6,7.0,근력 강화
2026-07-11,5,산책 30분,4,6.5,체지방 감량
2026-07-12,4,몸이 무거움,3,5.5,회복
2026-07-13,4,카페인으로 버팀,6,6.5,회복
2026-07-14,7,,3,7.0,체지방 감량
2026-07-15,9,상쾌하게 일어남,4,7.0,유연성
2026-07-16,5,머리가 복잡함,7,7.5,체지방 감량
2026-07-17,4,몸이 무거움,6,5.0,회복
2026-07-18,7,산책 30분,4,7.0,체력 향상
2026-07-19,6,산책 30분,5,7.0,체력 향상
2026-07-20,2,과제 마감 압박,9,4.0,회복
2026-07-21,3,어깨가 뭉침,8,4.5,회복
2026-07-22,4,낮잠 자고 싶다,6,5.0,회복
2026-07-23,4,어깨가 뭉침,10,6.5,회복
2026-07-24,3,머리가 복잡함,10,5.5,회복
2026-07-25,5,머리가 복잡함,8,7.0,체력 향상
2026-07-26,5,점심 많이 먹음,5,7.0,체지방 감량
2026-07-27,3,발표 준비로 긴장,10,5.5,회복
2026-07-28,6,,5,6.0,유연성
2026-07-29,1,할 일이 너무 많음,10,3.5,회복
2026-07-30,4,발표 준비로 긴장,7,5.5,회복
2026-07-31,5,비 와서 실내 운동,6,6.5,유연성
2026-08-01,10,스트레칭 효과 있음,2,7.5,체력 향상
2026-08-02,8,러닝 기록 갱신,4,8.5,유연성
2026-08-03,8,러닝 기록 갱신,5,7.5,체력 향상
2026-08-04,5,발표 준비로 긴장,7,6.5,체력 향상
2026-08-05,6,,4,6.0,유연성
2026-08-06,6,비 와서 실내 운동,6,7.0,체력 향상
2026-08-07,5,비 와서 실내 운동,6,6.5,근력 강화
2026-08-08,9,스트레칭 효과 있음,4,7.5,유연성
2026-08-09,8,몸이 가벼움,5,8.0,근력 강화
2026-08-10,7,점심 많이 먹음,6,7.0,유연성
2026-08-11,6,,5,6.0,체지방 감량
2026-08-12,7,평범한 하루,4,5.5,유연성
2026-08-13,4,할 일이 너무 많음,7,6.5,회복
2026-08-14,6,,5,6.5,유연성
2026-08-15,6,평범한 하루,3,7.0,체지방 감량
2026-08-16,9,몸이 가벼움,3,7.5,체지방 감량
2026-08-17,7,평범한 하루,4,5.5,유연성
2026-08-18,6,점심 많이 먹음,5,7.0,유연성
2026-08-19,9,스트레칭 효과 있음,4,8.0,체력 향상
2026-08-20,7,점심 많이 먹음,5,6.5,근력 강화
2026-08-21,5,발표 준비로 긴장,7,6.0,근력 강화
2026-08-22,7,,5,5.5,체지방 감량
2026-08-23,9,스트레칭 효과 있음,3,8.5,유연성
2026-08-24,7,비 와서 실내 운동,2,6.0,근력 강화
2026-08-25,5,,6,6.0,체력 향상
2026-08-26,6,점심 많이 먹음,4,6.5,근력 강화
2026-08-27,7,산책 30분,4,7.5,체력 향상
2026-08-28,6,,3,6.0,근력 강화
2026-08-29,8,스트레칭 효과 있음,3,7.0,체력 향상
2026-08-30,8,러닝 기록 갱신,2,7.0,근력 강화
2026-08-31,7,하체 운동함,4,7.0,체력 향상
2026-09-01,5,할 일이 너무 많음,7,6.0,체지방 감량
2026-09-02,6,하체 운동함,5,5.5,유연성
2026-09-03,6,비 와서 실내 운동,5,7.0,체지방 감량
2026-09-04,8,상쾌하게 일어남,4,7.0,체지방 감량
2026-09-05,10,스트레칭 효과 있음,2,8.5,체지방 감량
2026-09-06,8,상쾌하게 일어남,2,6.5,유연성
2026-09-07,4,낮잠 자고 싶다,6,5.5,회복
2026-09-08,6,,5,5.0,근력 강화
2026-09-09,7,비 와서 실내 운동,4,6.5,유연성
2026-09-10,5,,6,6.0,체력 향상
2026-09-11,6,,3,6.0,체지방 감량
2026-09-12,8,스트레칭 효과 있음,3,7.5,근력 강화
2026-09-13,8,몸이 가벼움,4,8.0,체지방 감량
2026-09-14,8,러닝 기록 갱신,4,7.0,근력 강화
2026-09-15,7,,4,7.0,체지방 감량
2026-09-16,5,점심 많이 먹음,5,5.0,유연성
2026-09-17,8,스트레칭 효과 있음,3,6.5,체력 향상
2026-09-18,4,눈이 뻑뻑함,6,6.5,회복
2026-09-19,8,몸이 가벼움,5,7.5,체력 향상
2026-09-20,7,하체 운동함,3,7.5,유연성
2026-09-21,2,과제 마감 압박,8,4.0,회복
2026-09-22,3,머리가 복잡함,8,4.5,회복
2026-09-23,3,발표 준비로 긴장,9,5.5,회복
2026-09-24,4,머리가 복잡함,8,6.0,회복
2026-09-25,5,발표 준비로 긴장,8,5.5,유연성
2026-09-26,6,,6,6.0,유연성
2026-09-27,7,평범한 하루,3,6.0,체지방 감량
2026-09-28,5,머리가 복잡함,7,5.5,유연성
2026-09-29,5,과제 마감 압박,7,5.0,체력 향상
2026-09-30,4,발표 준비로 긴장,8,6.0,회복
2026-10-01,4,머리가 복잡함,8,5.5,회복
2026-10-02,7,비 와서 실내 운동,6,6.5,체지방 감량
2026-10-03,8,상쾌하게 일어남,3,7.5,체력 향상
2026-10-04,6,하체 운동함,4,7.0,체지방 감량
2026-10-05,5,,6,6.0,유연성
